{"cameraMode":{"drawMode":0,"name":"Shaded","section":"Shading Mode"},"sceneLighting":true,"audioPlay":false,"sceneViewState":{"m_AlwaysRefresh":false,"showFog":true,"showSkybox":true,"showFlares":true,"showImageEffects":true,"showParticleSystems":true,"showVisualEffectGraphs":true,"m_FxEnabled":true},"in2DMode":false,"pivot":{"x":60.01932144165039,"y":3.544833183288574,"z":-0.5761682987213135},"rotation":{"x":-0.042013417929410937,"y":0.5919654965400696,"z":0.030923571437597276,"w":0.8042767643928528},"size":2.154439687728882,"orthographic":false}