{"cameraMode":{"drawMode":0,"name":"Shaded","section":"Shading Mode"},"sceneLighting":true,"audioPlay":false,"sceneViewState":{"m_AlwaysRefresh":false,"showFog":true,"showSkybox":true,"showFlares":true,"showImageEffects":true,"showParticleSystems":true,"showVisualEffectGraphs":true,"m_FxEnabled":true},"in2DMode":false,"pivot":{"x":-3.2911338806152345,"y":3.7885446548461916,"z":3.758958339691162},"rotation":{"x":0.04475436359643936,"y":-0.6232181191444397,"z":0.03575112670660019,"w":0.7799907922744751},"size":4.473099231719971,"orthographic":false}